geo_code,time,value,type,value_share_calculated
AT,2000,1174.0,ANI,0.31508319914117017
AT,2001,1169.0,ANI,0.3135729613733906
AT,2002,1153.0,ANI,0.31571741511500545
AT,2003,1065.0,ANI,0.2950955943474647
AT,2004,995.0,ANI,0.2759290072102052
AT,2005,1056.0,ANI,0.29010989010989013
AT,2006,1026.0,ANI,0.275880613068029
AT,2007,1076.0,ANI,0.28793149585228794
AT,2008,1041.0,ANI,0.2800645682001614
AT,2009,1081.0,ANI,0.29035723878592534
AT,2010,1103.0,ANI,0.296186895810956
AT,2011,1104.0,ANI,0.2955823293172691
AT,2012,1108.0,ANI,0.2963359186948382
AT,2013,1137.0,ANI,0.3017515923566879
AT,2014,1133.0,ANI,0.3085511982570806
AT,2015,1161.0,ANI,0.31686681222707425
AT,2016,1182.0,ANI,0.32303908171631596
BE,2000,1158.0,ANI,0.312213534645457
BE,2001,1221.0,ANI,0.32586068855084066
BE,2002,1206.0,ANI,0.3216857828754334
BE,2003,1156.0,ANI,0.31100349744417544
BE,2004,1152.0,ANI,0.30951101558301986
BE,2005,1168.0,ANI,0.3143164693218515
BE,2006,1167.0,ANI,0.31404736275565126
BE,2007,1183.0,ANI,0.3186102881766765
BE,2008,1153.0,ANI,0.3114532685035116
BE,2009,1100.0,ANI,0.2975385447660265
BE,2010,1102.0,ANI,0.29727542487186404
BE,2011,1147.0,ANI,0.30833333333333335
BE,2012,1149.0,ANI,0.3092866756393001
BE,2013,1172.0,ANI,0.31395660326814895
BE,2014,1152.0,ANI,0.30403800475059384
BE,2015,1193.0,ANI,0.3136172450052576
BE,2016,1181.0,ANI,0.31293057763646
BG,2000,645.0,ANI,0.2292925702097405
BG,2001,603.0,ANI,0.21413352272727273
BG,2002,580.0,ANI,0.2087081684059014
BG,2003,552.0,ANI,0.20021762785636563
BG,2004,599.0,ANI,0.21671490593342982
BG,2005,593.0,ANI,0.21777451340433346
BG,2006,607.0,ANI,0.22000724900326205
BG,2007,589.0,ANI,0.21543525969275787
BG,2008,622.0,ANI,0.22358015815959742
BG,2009,622.0,ANI,0.22333931777378815
BG,2010,632.0,ANI,0.22881969587255613
BG,2011,646.0,ANI,0.23329721921271218
BG,2012,665.0,ANI,0.2394670507742168
BG,2013,681.0,ANI,0.24072110286320256
BG,2014,669.0,ANI,0.23350785340314137
BG,2015,665.0,ANI,0.24155466763530695
BG,2016,677.0,ANI,0.24024130589070264
CY,2000,788.0,ANI,0.2944693572496263
CY,2001,785.0,ANI,0.2964501510574018
CY,2002,791.0,ANI,0.2998483699772555
CY,2003,746.0,ANI,0.2857142857142857
CY,2004,752.0,ANI,0.289119569396386
CY,2005,725.0,ANI,0.2826510721247563
CY,2006,705.0,ANI,0.27549824150058616
CY,2007,718.0,ANI,0.2720727548313755
CY,2008,718.0,ANI,0.27022958223560406
CY,2009,696.0,ANI,0.264638783269962
CY,2010,696.0,ANI,0.2605765630849869
CY,2011,729.0,ANI,0.271710771524413
CY,2012,713.0,ANI,0.2700757575757576
CY,2013,655.0,ANI,0.2472631181577954
CY,2014,698.0,ANI,0.2330550918196995
CY,2015,692.0,ANI,0.22681088167813832
CY,2016,695.0,ANI,0.22884425419822194
CZ,2000,822.0,ANI,0.26696979538811305
CZ,2001,822.0,ANI,0.2593059936908517
CZ,2002,832.0,ANI,0.25655257477644156
CZ,2003,825.0,ANI,0.24856884603796325
CZ,2004,845.0,ANI,0.2543648404575557
CZ,2005,924.0,ANI,0.27848101265822783
CZ,2006,886.0,ANI,0.2702043305885941
CZ,2007,890.0,ANI,0.27292241643667586
CZ,2008,878.0,ANI,0.2686658506731946
CZ,2009,876.0,ANI,0.2673992673992674
CZ,2010,873.0,ANI,0.2664835164835165
CZ,2011,856.0,ANI,0.2633035988926484
CZ,2012,850.0,ANI,0.26210299105766266
CZ,2013,838.0,ANI,0.2573710073710074
CZ,2014,846.0,ANI,0.2646230841413825
CZ,2015,891.0,ANI,0.28539397821909035
CZ,2016,906.0,ANI,0.2797159617165792
DE,2000,1012.0,ANI,0.30335731414868106
DE,2001,1029.0,ANI,0.30597680642283676
DE,2002,1048.0,ANI,0.3058068281295594
DE,2003,1063.0,ANI,0.3135693215339233
DE,2004,1037.0,ANI,0.30401641747288183
DE,2005,1047.0,ANI,0.3034782608695652
DE,2006,1045.0,ANI,0.3015002885170225
DE,2007,1084.0,ANI,0.3073433512900482
DE,2008,1061.0,ANI,0.301677566107478
DE,2009,1074.0,ANI,0.30554765291607394
DE,2010,1079.0,ANI,0.3079337899543379
DE,2011,1090.0,ANI,0.30808366308648955
DE,2012,1061.0,ANI,0.3030562696372465
DE,2013,1044.0,ANI,0.29837096313232353
DE,2014,1070.0,ANI,0.30217452696978253
DE,2015,1091.0,ANI,0.3058592654892066
DE,2016,1073.0,ANI,0.30165870115265675
DK,2000,1113.0,ANI,0.33594929067310597
DK,2001,1198.0,ANI,0.35922038980509746
DK,2002,1172.0,ANI,0.3474651645419508
DK,2003,1111.0,ANI,0.3323362249476518
DK,2004,1129.0,ANI,0.333826138379657
DK,2005,1300.0,ANI,0.38078500292911543
DK,2006,1205.0,ANI,0.35368359260346344
DK,2007,1192.0,ANI,0.34600870827285923
DK,2008,1201.0,ANI,0.36109440769693324
DK,2009,1181.0,ANI,0.3535928143712575
DK,2010,1223.0,ANI,0.35991759858740435
DK,2011,1213.0,ANI,0.3623058542413381
DK,2012,1164.0,ANI,0.3494446112278595
DK,2013,1194.0,ANI,0.3546183546183546
DK,2014,1206.0,ANI,0.3594634873323398
DK,2015,1233.0,ANI,0.36894075403949733
DK,2016,1266.0,ANI,0.37589073634204273
EE,2000,809.0,ANI,0.26524590163934425
EE,2001,783.0,ANI,0.25705843729481287
EE,2002,888.0,ANI,0.29181728557344727
EE,2003,893.0,ANI,0.29050097592713076
EE,2004,830.0,ANI,0.2694805194805195
EE,2005,815.0,ANI,0.2573413324913167
EE,2006,833.0,ANI,0.2600686856072432
EE,2007,808.0,ANI,0.25077591558038487
EE,2008,827.0,ANI,0.24962269846060972
EE,2009,849.0,ANI,0.253584229390681
EE,2010,825.0,ANI,0.24924471299093656
EE,2011,822.0,ANI,0.24992398905442384
EE,2012,814.0,ANI,0.25185643564356436
EE,2013,801.0,ANI,0.24623424531201968
EE,2014,920.0,ANI,0.2866043613707165
EE,2015,1043.0,ANI,0.32891832229580575
EE,2016,1062.0,ANI,0.33800127307447486
EL,2000,870.0,ANI,0.24153248195446975
EL,2001,820.0,ANI,0.22689540675152187
EL,2002,807.0,ANI,0.22176422093981862
EL,2003,850.0,ANI,0.2328129279649411
EL,2004,831.0,ANI,0.22344716321591826
EL,2005,839.0,ANI,0.23350960200389648
EL,2006,866.0,ANI,0.248493543758967
EL,2007,876.0,ANI,0.24950156650526917
EL,2008,842.0,ANI,0.2392725206024439
EL,2009,875.0,ANI,0.24964336661911554
EL,2010,887.0,ANI,0.25769901220220803
EL,2011,849.0,ANI,0.24773854683396557
EL,2012,803.0,ANI,0.23589894242068155
EL,2013,802.0,ANI,0.23588235294117646
EL,2014,818.0,ANI,0.23785984297760976
EL,2015,784.0,ANI,0.2308598351001178
EL,2016,776.0,ANI,0.23261390887290168
ES,2000,949.0,ANI,0.2824404761904762
ES,2001,950.0,ANI,0.2851140456182473
ES,2002,970.0,ANI,0.28877642155403394
ES,2003,959.0,ANI,0.2908704883227176
ES,2004,924.0,ANI,0.2846580406654344
ES,2005,902.0,ANI,0.28012422360248446
ES,2006,910.0,ANI,0.28199566160520606
ES,2007,930.0,ANI,0.28855103940428173
ES,2008,859.0,ANI,0.26776807980049877
ES,2009,857.0,ANI,0.26739469578783154
ES,2010,852.0,ANI,0.26767200754005654
ES,2011,835.0,ANI,0.2615914786967419
ES,2012,824.0,ANI,0.259691144027734
ES,2013,819.0,ANI,0.2580340264650284
ES,2014,848.0,ANI,0.2680999051533354
ES,2015,871.0,ANI,0.27261345852895147
ES,2016,873.0,ANI,0.2666463042150275
EU27_2020,2000,1010.0,ANI,0.29740871613663133
EU27_2020,2001,1017.0,ANI,0.2978038067349927
EU27_2020,2002,1032.0,ANI,0.3002618562700029
EU27_2020,2003,1018.0,ANI,0.2988843217850851
EU27_2020,2004,998.0,ANI,0.29284037558685444
EU27_2020,2005,1001.0,ANI,0.29406580493537016
EU27_2020,2006,999.0,ANI,0.2928759894459103
EU27_2020,2007,1006.0,ANI,0.2947553472018752
EU27_2020,2008,999.0,ANI,0.2921906990348055
EU27_2020,2009,997.0,ANI,0.29160573267037143
EU27_2020,2010,994.0,ANI,0.2917522747285001
EU27_2020,2011,989.0,ANI,0.28968951376684243
EU27_2020,2012,979.0,ANI,0.28836524300441824
EU27_2020,2013,978.0,ANI,0.28714034057545507
EU27_2020,2014,978.0,ANI,0.2887511071744907
EU27_2020,2015,992.0,ANI,0.29133627019089575
EU27_2020,2016,996.0,ANI,0.2903790087463557
EU28,2000,1007.0,ANI,0.29696254792096727
EU28,2001,1015.0,ANI,0.2973923234690888
EU28,2002,1029.0,ANI,0.2996505532906232
EU28,2003,1021.0,ANI,0.2997651203758074
EU28,2004,1003.0,ANI,0.29387635511280397
EU28,2005,1007.0,ANI,0.2953945438545028
EU28,2006,1005.0,ANI,0.29428989751098095
EU28,2007,1009.0,ANI,0.2955477445811365
EU28,2008,997.0,ANI,0.2915204678362573
EU28,2009,996.0,ANI,0.29131324948815446
EU28,2010,995.0,ANI,0.2919600938967136
EU28,2011,989.0,ANI,0.2896046852122987
EU28,2012,980.0,ANI,0.28848984397998234
EU28,2013,978.0,ANI,0.2868876503373423
EU28,2014,978.0,ANI,0.28892171344165435
EU28,2015,993.0,ANI,0.2917156286721504
EU28,2016,994.0,ANI,0.2903885480572597
FI,2000,1170.0,ANI,0.3713106950174548
FI,2001,1172.0,ANI,0.36959949542731
FI,2002,1175.0,ANI,0.3727791878172589
FI,2003,1167.0,ANI,0.37000634115409003
FI,2004,1170.0,ANI,0.3670012547051443
FI,2005,1169.0,ANI,0.3651983755076539
FI,2006,1180.0,ANI,0.36453506333024405
FI,2007,1218.0,ANI,0.3712282840597379
FI,2008,1233.0,ANI,0.3810259579728059
FI,2009,1216.0,ANI,0.3761212496133622
FI,2010,1253.0,ANI,0.3820121951219512
FI,2011,1298.0,ANI,0.39273827534039335
FI,2012,1312.0,ANI,0.39482395425820044
FI,2013,1314.0,ANI,0.39014251781472686
FI,2014,1350.0,ANI,0.4066265060240964
FI,2015,1427.0,ANI,0.42814281428142814
FI,2016,1418.0,ANI,0.4246780473195568
FR,2000,1377.0,ANI,0.38196948682385573
FR,2001,1381.0,ANI,0.3793956043956044
FR,2002,1368.0,ANI,0.3741794310722101
FR,2003,1346.0,ANI,0.3752439364371341
FR,2004,1284.0,ANI,0.36118143459915614
FR,2005,1238.0,ANI,0.3499152063312606
FR,2006,1219.0,ANI,0.34699686877312835
FR,2007,1189.0,ANI,0.3430467397576457
FR,2008,1216.0,ANI,0.3424387496479865
FR,2009,1200.0,ANI,0.33994334277620397
FR,2010,1186.0,ANI,0.3354072398190045
FR,2011,1167.0,ANI,0.33210017074558906
FR,2012,1144.0,ANI,0.330635838150289
FR,2013,1181.0,ANI,0.33917288914417004
FR,2014,1098.0,ANI,0.32189973614775724
FR,2015,1089.0,ANI,0.3122133027522936
FR,2016,1105.0,ANI,0.31285390713476785
HR,2000,540.0,ANI,0.2112676056338028
HR,2001,561.0,ANI,0.20489408327246164
HR,2002,590.0,ANI,0.20921985815602837
HR,2003,581.0,ANI,0.2025801952580195
HR,2004,675.0,ANI,0.22935779816513763
HR,2005,747.0,ANI,0.2506711409395973
HR,2006,821.0,ANI,0.26742671009771984
HR,2007,854.0,ANI,0.2775430614234644
HR,2008,829.0,ANI,0.26664522354454806
HR,2009,788.0,ANI,0.25768476128188356
HR,2010,747.0,ANI,0.25143049478290136
HR,2011,763.0,ANI,0.2545879212545879
HR,2012,821.0,ANI,0.2741235392320534
HR,2013,820.0,ANI,0.2680614579928081
HR,2014,847.0,ANI,0.2845146120255291
HR,2015,875.0,ANI,0.28716770594026914
HR,2016,875.0,ANI,0.2797314578005115
HU,2000,1013.0,ANI,0.3193568726355612
HU,2001,970.0,ANI,0.31351001939237233
HU,2002,1052.0,ANI,0.34211382113821137
HU,2003,958.0,ANI,0.31296961777196997
HU,2004,986.0,ANI,0.30889724310776945
HU,2005,974.0,ANI,0.2978593272171254
HU,2006,962.0,ANI,0.29347162904209884
HU,2007,967.0,ANI,0.3056257901390645
HU,2008,952.0,ANI,0.30231819625277867
HU,2009,933.0,ANI,0.29713375796178343
HU,2010,913.0,ANI,0.29817112998040496
HU,2011,925.0,ANI,0.30189295039164493
HU,2012,923.0,ANI,0.30674642738451313
HU,2013,886.0,ANI,0.2917352650642081
HU,2014,965.0,ANI,0.3102893890675241
HU,2015,1021.0,ANI,0.31688392302917445
HU,2016,1038.0,ANI,0.319286373423562
IE,2000,1193.0,ANI,0.3200965924335927
IE,2001,1217.0,ANI,0.32697474476088123
IE,2002,1168.0,ANI,0.32598381244766955
IE,2003,1194.0,ANI,0.33240534521158127
IE,2004,1189.0,ANI,0.332773579624965
IE,2005,1117.0,ANI,0.32051649928263987
IE,2006,1070.0,ANI,0.30545246931201825
IE,2007,1062.0,ANI,0.30067950169875424
IE,2008,1070.0,ANI,0.29871580122836405
IE,2009,1029.0,ANI,0.28815457854942594
IE,2010,1001.0,ANI,0.2787524366471735
IE,2011,977.0,ANI,0.2713888888888889
IE,2012,962.0,ANI,0.26737076153418565
IE,2013,1004.0,ANI,0.2788888888888889
IE,2014,1022.0,ANI,0.2796934865900383
IE,2015,1076.0,ANI,0.28948076405703527
IE,2016,1026.0,ANI,0.27389215162840364
IT,2000,937.0,ANI,0.2554525627044711
IT,2001,948.0,ANI,0.2582402615091256
IT,2002,959.0,ANI,0.26195028680688337
IT,2003,934.0,ANI,0.2579397956365645
IT,2004,928.0,ANI,0.25592939878654164
IT,2005,928.0,ANI,0.2601626016260163
IT,2006,929.0,ANI,0.2562758620689655
IT,2007,923.0,ANI,0.2551133222775014
IT,2008,933.0,ANI,0.2595271210013908
IT,2009,916.0,ANI,0.25451514309530426
IT,2010,936.0,ANI,0.2612336031258722
IT,2011,916.0,ANI,0.25622377622377623
IT,2012,929.0,ANI,0.25986013986013984
IT,2013,901.0,ANI,0.25174629784856106
IT,2014,860.0,ANI,0.24663034126756525
IT,2015,830.0,ANI,0.23830031581969566
IT,2016,809.0,ANI,0.23300691244239632
LT,2000,780.0,ANI,0.2468354430379747
LT,2001,764.0,ANI,0.2337106148669318
LT,2002,853.0,ANI,0.2603785103785104
LT,2003,885.0,ANI,0.26916058394160586
LT,2004,909.0,ANI,0.2704552216602202
LT,2005,965.0,ANI,0.2786601212821253
LT,2006,969.0,ANI,0.2795729948066936
LT,2007,1002.0,ANI,0.28122368790345215
LT,2008,1055.0,ANI,0.2995457126632595
LT,2009,1022.0,ANI,0.29452449567723343
LT,2010,983.0,ANI,0.29492949294929494
LT,2011,972.0,ANI,0.2851276034027574
LT,2012,963.0,ANI,0.28407079646017697
LT,2013,983.0,ANI,0.28767925080479956
LT,2014,938.0,ANI,0.2769412459403602
LT,2015,932.0,ANI,0.2755765819041987
LT,2016,948.0,ANI,0.27898763978811064
LU,2000,1131.0,ANI,0.32509341764874966
LU,2001,1257.0,ANI,0.36079219288174513
LU,2002,1210.0,ANI,0.34730195177956374
LU,2003,1228.0,ANI,0.351963313270278
LU,2004,1258.0,ANI,0.3605617655488679
LU,2005,1258.0,ANI,0.3592233009708738
LU,2006,1220.0,ANI,0.34807417974322397
LU,2007,1163.0,ANI,0.33219080262782064
LU,2008,1173.0,ANI,0.33409285103958986
LU,2009,1131.0,ANI,0.32213044716604955
LU,2010,1121.0,ANI,0.3179239931934203
LU,2011,1131.0,ANI,0.3202151755379388
LU,2012,1188.0,ANI,0.33559322033898303
LU,2013,1173.0,ANI,0.3314495620231704
LU,2014,1134.0,ANI,0.3244635193133047
LU,2015,1184.0,ANI,0.34150562445918664
LU,2016,1173.0,ANI,0.3384304673975765
LV,2000,759.0,ANI,0.2725314183123878
LV,2001,761.0,ANI,0.26268553676216777
LV,2002,834.0,ANI,0.27753743760399335
LV,2003,847.0,ANI,0.2779783393501805
LV,2004,862.0,ANI,0.2801429964250894
LV,2005,862.0,ANI,0.27443489334606813
LV,2006,889.0,ANI,0.2766884531590414
LV,2007,933.0,ANI,0.29515975956975643
LV,2008,989.0,ANI,0.3132720937598986
LV,2009,982.0,ANI,0.3093887838689351
LV,2010,987.0,ANI,0.31473214285714285
LV,2011,977.0,ANI,0.31035578144853876
LV,2012,945.0,ANI,0.30405405405405406
LV,2013,906.0,ANI,0.28544423440453687
LV,2014,961.0,ANI,0.2995635910224439
LV,2015,954.0,ANI,0.3005671077504726
LV,2016,1000.0,ANI,0.30998140111593303
MT,2000,887.0,ANI,0.26628640048033625
MT,2001,920.0,ANI,0.27528426092160385
MT,2002,888.0,ANI,0.26562967394555786
MT,2003,902.0,ANI,0.26773523300682694
MT,2004,918.0,ANI,0.2722419928825623
MT,2005,894.0,ANI,0.2653606411398041
MT,2006,903.0,ANI,0.26811163895486934
MT,2007,926.0,ANI,0.2747774480712166
MT,2008,928.0,ANI,0.2752892316819935
MT,2009,873.0,ANI,0.2583604616750518
MT,2010,869.0,ANI,0.25656923531148507
MT,2011,892.0,ANI,0.26437462951985774
MT,2012,919.0,ANI,0.2718130730553091
MT,2013,928.0,ANI,0.2747187685020722
MT,2014,958.0,ANI,0.28052708638360174
MT,2015,923.0,ANI,0.2694890510948905
MT,2016,955.0,ANI,0.2823772915434654
NL,2000,1182.0,ANI,0.3620214395099541
NL,2001,1170.0,ANI,0.35955746773202213
NL,2002,1135.0,ANI,0.34933825792551554
NL,2003,1029.0,ANI,0.32760267430754536
NL,2004,1078.0,ANI,0.3371911166718799
NL,2005,1125.0,ANI,0.34818941504178275
NL,2006,1125.0,ANI,0.35014005602240894
NL,2007,1075.0,ANI,0.33209762125424774
NL,2008,1104.0,ANI,0.3420074349442379
NL,2009,1110.0,ANI,0.34547152194211017
NL,2010,1033.0,ANI,0.3220074812967581
NL,2011,1027.0,ANI,0.3197384806973848
NL,2012,1076.0,ANI,0.33364341085271315
NL,2013,1076.0,ANI,0.3333333333333333
NL,2014,1066.0,ANI,0.3317771553065671
NL,2015,1088.0,ANI,0.3358024691358025
NL,2016,1147.0,ANI,0.3539031163221228
PL,2000,907.0,ANI,0.2652822462708394
PL,2001,897.0,ANI,0.26220403390821395
PL,2002,928.0,ANI,0.27063283756197143
PL,2003,928.0,ANI,0.2712657117801812
PL,2004,893.0,ANI,0.26420118343195265
PL,2005,872.0,ANI,0.2587537091988131
PL,2006,880.0,ANI,0.262451535937966
PL,2007,895.0,ANI,0.2660523186682521
PL,2008,883.0,ANI,0.2638971906754334
PL,2009,902.0,ANI,0.2638970157987127
PL,2010,925.0,ANI,0.2710225607969528
PL,2011,927.0,ANI,0.26924194016845776
PL,2012,908.0,ANI,0.26372349695033404
PL,2013,917.0,ANI,0.2657200811359026
PL,2014,928.0,ANI,0.27182190978324544
PL,2015,970.0,ANI,0.28757782389564185
PL,2016,995.0,ANI,0.2883222254419009
PT,2000,1031.0,ANI,0.2909142212189616
PT,2001,1046.0,ANI,0.2956472583380441
PT,2002,1044.0,ANI,0.29541595925297115
PT,2003,1011.0,ANI,0.28697133125177404
PT,2004,1006.0,ANI,0.2845827439886846
PT,2005,1046.0,ANI,0.2962333616539224
PT,2006,1047.0,ANI,0.2973587049133769
PT,2007,1074.0,ANI,0.30424929178470256
PT,2008,1064.0,ANI,0.30073487846240815
PT,2009,1049.0,ANI,0.29911605360707155
PT,2010,1026.0,ANI,0.2933104631217839
PT,2011,1014.0,ANI,0.2916307161345988
PT,2012,1001.0,ANI,0.28822343794989924
PT,2013,1004.0,ANI,0.28875467356916884
PT,2014,965.0,ANI,0.28575658868818476
PT,2015,1010.0,ANI,0.29386092522548735
PT,2016,1011.0,ANI,0.2990239574090506
RO,2000,689.0,ANI,0.21935689270932823
RO,2001,710.0,ANI,0.2192034578573634
RO,2002,781.0,ANI,0.23531184091593854
RO,2003,821.0,ANI,0.2439821693907875
RO,2004,794.0,ANI,0.23673225998807393
RO,2005,844.0,ANI,0.24852767962308597
RO,2006,869.0,ANI,0.2533527696793003
RO,2007,891.0,ANI,0.264
RO,2008,904.0,ANI,0.2657260435038213
RO,2009,889.0,ANI,0.2630955904113643
RO,2010,813.0,ANI,0.24451127819548873
RO,2011,810.0,ANI,0.24258760107816713
RO,2012,801.0,ANI,0.23974857826997906
RO,2013,790.0,ANI,0.23525908278737342
RO,2014,900.0,ANI,0.2633889376646181
RO,2015,938.0,ANI,0.26985040276179517
RO,2016,956.0,ANI,0.27120567375886523
SE,2000,1039.0,ANI,0.33526944175540496
SE,2001,1059.0,ANI,0.33898847631241996
SE,2002,1177.0,ANI,0.3756782636450686
SE,2003,1094.0,ANI,0.3501920614596671
SE,2004,1064.0,ANI,0.3380997775659358
SE,2005,1074.0,ANI,0.34401024983984624
SE,2006,1024.0,ANI,0.33128437398900035
SE,2007,1012.0,ANI,0.32761411460019424
SE,2008,1043.0,ANI,0.3334398976982097
SE,2009,1042.0,ANI,0.3333333333333333
SE,2010,1057.0,ANI,0.33544906378927325
SE,2011,1066.0,ANI,0.33766233766233766
SE,2012,1073.0,ANI,0.3384858044164038
SE,2013,1052.0,ANI,0.3309216734822271
SE,2014,1104.0,ANI,0.3452157598499062
SE,2015,1119.0,ANI,0.35166561910747957
SE,2016,1104.0,ANI,0.3458646616541353
SI,2000,838.0,ANI,0.2742146596858639
SI,2001,915.0,ANI,0.2995090016366612
SI,2002,897.0,ANI,0.2911392405063291
SI,2003,928.0,ANI,0.29810472213299066
SI,2004,929.0,ANI,0.2941735275490817
SI,2005,922.0,ANI,0.30022793878215565
SI,2006,910.0,ANI,0.2916666666666667
SI,2007,915.0,ANI,0.2911231307667833
SI,2008,945.0,ANI,0.2994296577946768
SI,2009,936.0,ANI,0.2944322113872287
SI,2010,907.0,ANI,0.2855793450881612
SI,2011,869.0,ANI,0.274565560821485
SI,2012,853.0,ANI,0.2699367088607595
SI,2013,804.0,ANI,0.2537878787878788
SI,2014,826.0,ANI,0.2578832344676865
SI,2015,814.0,ANI,0.2572692793931732
SI,2016,832.0,ANI,0.2629582806573957
SK,2000,664.0,ANI,0.23902087832973362
SK,2001,727.0,ANI,0.2610412926391382
SK,2002,755.0,ANI,0.26964285714285713
SK,2003,753.0,ANI,0.2698924731182796
SK,2004,678.0,ANI,0.24068157614483493
SK,2005,689.0,ANI,0.24252023935234074
SK,2006,766.0,ANI,0.2703847511471938
SK,2007,715.0,ANI,0.2559055118110236
SK,2008,677.0,ANI,0.2363826815642458
SK,2009,755.0,ANI,0.26043463263194205
SK,2010,774.0,ANI,0.26237288135593223
SK,2011,744.0,ANI,0.25297517851071066
SK,2012,691.0,ANI,0.23819372630127542
SK,2013,766.0,ANI,0.2601902173913043
SK,2014,768.0,ANI,0.2720510095642933
SK,2015,761.0,ANI,0.2799852832965416
SK,2016,832.0,ANI,0.2938890851289297
UK,2000,994.0,ANI,0.2956573468173706
UK,2001,1006.0,ANI,0.2958823529411765
UK,2002,1009.0,ANI,0.2953747072599532
UK,2003,1038.0,ANI,0.3052941176470588
UK,2004,1036.0,ANI,0.3007256894049347
UK,2005,1050.0,ANI,0.3054101221640489
UK,2006,1045.0,ANI,0.30395578824898195
UK,2007,1024.0,ANI,0.2996780801872988
UK,2008,981.0,ANI,0.28667445938047925
UK,2009,985.0,ANI,0.28868698710433766
UK,2010,999.0,ANI,0.29347826086956524
UK,2011,990.0,ANI,0.2897278314310799
UK,2012,993.0,ANI,0.2918013517484572
UK,2013,980.0,ANI,0.286214953271028
UK,2014,976.0,ANI,0.2890995260663507
UK,2015,999.0,ANI,0.29442970822281167
UK,2016,984.0,ANI,0.2916419679905157
AT,2000,3726.0,TOTAL,1.0
AT,2001,3728.0,TOTAL,1.0
AT,2002,3652.0,TOTAL,1.0
AT,2003,3609.0,TOTAL,1.0
AT,2004,3606.0,TOTAL,1.0
AT,2005,3640.0,TOTAL,1.0
AT,2006,3719.0,TOTAL,1.0
AT,2007,3737.0,TOTAL,1.0
AT,2008,3717.0,TOTAL,1.0
AT,2009,3723.0,TOTAL,1.0
AT,2010,3724.0,TOTAL,1.0
AT,2011,3735.0,TOTAL,1.0
AT,2012,3739.0,TOTAL,1.0
AT,2013,3768.0,TOTAL,1.0
AT,2014,3672.0,TOTAL,1.0
AT,2015,3664.0,TOTAL,1.0
AT,2016,3659.0,TOTAL,1.0
BE,2000,3709.0,TOTAL,1.0
BE,2001,3747.0,TOTAL,1.0
BE,2002,3749.0,TOTAL,1.0
BE,2003,3717.0,TOTAL,1.0
BE,2004,3722.0,TOTAL,1.0
BE,2005,3716.0,TOTAL,1.0
BE,2006,3716.0,TOTAL,1.0
BE,2007,3713.0,TOTAL,1.0
BE,2008,3702.0,TOTAL,1.0
BE,2009,3697.0,TOTAL,1.0
BE,2010,3707.0,TOTAL,1.0
BE,2011,3720.0,TOTAL,1.0
BE,2012,3715.0,TOTAL,1.0
BE,2013,3733.0,TOTAL,1.0
BE,2014,3789.0,TOTAL,1.0
BE,2015,3804.0,TOTAL,1.0
BE,2016,3774.0,TOTAL,1.0
BG,2000,2813.0,TOTAL,1.0
BG,2001,2816.0,TOTAL,1.0
BG,2002,2779.0,TOTAL,1.0
BG,2003,2757.0,TOTAL,1.0
BG,2004,2764.0,TOTAL,1.0
BG,2005,2723.0,TOTAL,1.0
BG,2006,2759.0,TOTAL,1.0
BG,2007,2734.0,TOTAL,1.0
BG,2008,2782.0,TOTAL,1.0
BG,2009,2785.0,TOTAL,1.0
BG,2010,2762.0,TOTAL,1.0
BG,2011,2769.0,TOTAL,1.0
BG,2012,2777.0,TOTAL,1.0
BG,2013,2829.0,TOTAL,1.0
BG,2014,2865.0,TOTAL,1.0
BG,2015,2753.0,TOTAL,1.0
BG,2016,2818.0,TOTAL,1.0
CY,2000,2676.0,TOTAL,1.0
CY,2001,2648.0,TOTAL,1.0
CY,2002,2638.0,TOTAL,1.0
CY,2003,2611.0,TOTAL,1.0
CY,2004,2601.0,TOTAL,1.0
CY,2005,2565.0,TOTAL,1.0
CY,2006,2559.0,TOTAL,1.0
CY,2007,2639.0,TOTAL,1.0
CY,2008,2657.0,TOTAL,1.0
CY,2009,2630.0,TOTAL,1.0
CY,2010,2671.0,TOTAL,1.0
CY,2011,2683.0,TOTAL,1.0
CY,2012,2640.0,TOTAL,1.0
CY,2013,2649.0,TOTAL,1.0
CY,2014,2995.0,TOTAL,1.0
CY,2015,3051.0,TOTAL,1.0
CY,2016,3037.0,TOTAL,1.0
CZ,2000,3079.0,TOTAL,1.0
CZ,2001,3170.0,TOTAL,1.0
CZ,2002,3243.0,TOTAL,1.0
CZ,2003,3319.0,TOTAL,1.0
CZ,2004,3322.0,TOTAL,1.0
CZ,2005,3318.0,TOTAL,1.0
CZ,2006,3279.0,TOTAL,1.0
CZ,2007,3261.0,TOTAL,1.0
CZ,2008,3268.0,TOTAL,1.0
CZ,2009,3276.0,TOTAL,1.0
CZ,2010,3276.0,TOTAL,1.0
CZ,2011,3251.0,TOTAL,1.0
CZ,2012,3243.0,TOTAL,1.0
CZ,2013,3256.0,TOTAL,1.0
CZ,2014,3197.0,TOTAL,1.0
CZ,2015,3122.0,TOTAL,1.0
CZ,2016,3239.0,TOTAL,1.0
DE,2000,3336.0,TOTAL,1.0
DE,2001,3363.0,TOTAL,1.0
DE,2002,3427.0,TOTAL,1.0
DE,2003,3390.0,TOTAL,1.0
DE,2004,3411.0,TOTAL,1.0
DE,2005,3450.0,TOTAL,1.0
DE,2006,3466.0,TOTAL,1.0
DE,2007,3527.0,TOTAL,1.0
DE,2008,3517.0,TOTAL,1.0
DE,2009,3515.0,TOTAL,1.0
DE,2010,3504.0,TOTAL,1.0
DE,2011,3538.0,TOTAL,1.0
DE,2012,3501.0,TOTAL,1.0
DE,2013,3499.0,TOTAL,1.0
DE,2014,3541.0,TOTAL,1.0
DE,2015,3567.0,TOTAL,1.0
DE,2016,3557.0,TOTAL,1.0
DK,2000,3313.0,TOTAL,1.0
DK,2001,3335.0,TOTAL,1.0
DK,2002,3373.0,TOTAL,1.0
DK,2003,3343.0,TOTAL,1.0
DK,2004,3382.0,TOTAL,1.0
DK,2005,3414.0,TOTAL,1.0
DK,2006,3407.0,TOTAL,1.0
DK,2007,3445.0,TOTAL,1.0
DK,2008,3326.0,TOTAL,1.0
DK,2009,3340.0,TOTAL,1.0
DK,2010,3398.0,TOTAL,1.0
DK,2011,3348.0,TOTAL,1.0
DK,2012,3331.0,TOTAL,1.0
DK,2013,3367.0,TOTAL,1.0
DK,2014,3355.0,TOTAL,1.0
DK,2015,3342.0,TOTAL,1.0
DK,2016,3368.0,TOTAL,1.0
EE,2000,3050.0,TOTAL,1.0
EE,2001,3046.0,TOTAL,1.0
EE,2002,3043.0,TOTAL,1.0
EE,2003,3074.0,TOTAL,1.0
EE,2004,3080.0,TOTAL,1.0
EE,2005,3167.0,TOTAL,1.0
EE,2006,3203.0,TOTAL,1.0
EE,2007,3222.0,TOTAL,1.0
EE,2008,3313.0,TOTAL,1.0
EE,2009,3348.0,TOTAL,1.0
EE,2010,3310.0,TOTAL,1.0
EE,2011,3289.0,TOTAL,1.0
EE,2012,3232.0,TOTAL,1.0
EE,2013,3253.0,TOTAL,1.0
EE,2014,3210.0,TOTAL,1.0
EE,2015,3171.0,TOTAL,1.0
EE,2016,3142.0,TOTAL,1.0
EL,2000,3602.0,TOTAL,1.0
EL,2001,3614.0,TOTAL,1.0
EL,2002,3639.0,TOTAL,1.0
EL,2003,3651.0,TOTAL,1.0
EL,2004,3719.0,TOTAL,1.0
EL,2005,3593.0,TOTAL,1.0
EL,2006,3485.0,TOTAL,1.0
EL,2007,3511.0,TOTAL,1.0
EL,2008,3519.0,TOTAL,1.0
EL,2009,3505.0,TOTAL,1.0
EL,2010,3442.0,TOTAL,1.0
EL,2011,3427.0,TOTAL,1.0
EL,2012,3404.0,TOTAL,1.0
EL,2013,3400.0,TOTAL,1.0
EL,2014,3439.0,TOTAL,1.0
EL,2015,3396.0,TOTAL,1.0
EL,2016,3336.0,TOTAL,1.0
ES,2000,3360.0,TOTAL,1.0
ES,2001,3332.0,TOTAL,1.0
ES,2002,3359.0,TOTAL,1.0
ES,2003,3297.0,TOTAL,1.0
ES,2004,3246.0,TOTAL,1.0
ES,2005,3220.0,TOTAL,1.0
ES,2006,3227.0,TOTAL,1.0
ES,2007,3223.0,TOTAL,1.0
ES,2008,3208.0,TOTAL,1.0
ES,2009,3205.0,TOTAL,1.0
ES,2010,3183.0,TOTAL,1.0
ES,2011,3192.0,TOTAL,1.0
ES,2012,3173.0,TOTAL,1.0
ES,2013,3174.0,TOTAL,1.0
ES,2014,3163.0,TOTAL,1.0
ES,2015,3195.0,TOTAL,1.0
ES,2016,3274.0,TOTAL,1.0
EU27_2020,2000,3396.0,TOTAL,1.0
EU27_2020,2001,3415.0,TOTAL,1.0
EU27_2020,2002,3437.0,TOTAL,1.0
EU27_2020,2003,3406.0,TOTAL,1.0
EU27_2020,2004,3408.0,TOTAL,1.0
EU27_2020,2005,3404.0,TOTAL,1.0
EU27_2020,2006,3411.0,TOTAL,1.0
EU27_2020,2007,3413.0,TOTAL,1.0
EU27_2020,2008,3419.0,TOTAL,1.0
EU27_2020,2009,3419.0,TOTAL,1.0
EU27_2020,2010,3407.0,TOTAL,1.0
EU27_2020,2011,3414.0,TOTAL,1.0
EU27_2020,2012,3395.0,TOTAL,1.0
EU27_2020,2013,3406.0,TOTAL,1.0
EU27_2020,2014,3387.0,TOTAL,1.0
EU27_2020,2015,3405.0,TOTAL,1.0
EU27_2020,2016,3430.0,TOTAL,1.0
EU28,2000,3391.0,TOTAL,1.0
EU28,2001,3413.0,TOTAL,1.0
EU28,2002,3434.0,TOTAL,1.0
EU28,2003,3406.0,TOTAL,1.0
EU28,2004,3413.0,TOTAL,1.0
EU28,2005,3409.0,TOTAL,1.0
EU28,2006,3415.0,TOTAL,1.0
EU28,2007,3414.0,TOTAL,1.0
EU28,2008,3420.0,TOTAL,1.0
EU28,2009,3419.0,TOTAL,1.0
EU28,2010,3408.0,TOTAL,1.0
EU28,2011,3415.0,TOTAL,1.0
EU28,2012,3397.0,TOTAL,1.0
EU28,2013,3409.0,TOTAL,1.0
EU28,2014,3385.0,TOTAL,1.0
EU28,2015,3404.0,TOTAL,1.0
EU28,2016,3423.0,TOTAL,1.0
FI,2000,3151.0,TOTAL,1.0
FI,2001,3171.0,TOTAL,1.0
FI,2002,3152.0,TOTAL,1.0
FI,2003,3154.0,TOTAL,1.0
FI,2004,3188.0,TOTAL,1.0
FI,2005,3201.0,TOTAL,1.0
FI,2006,3237.0,TOTAL,1.0
FI,2007,3281.0,TOTAL,1.0
FI,2008,3236.0,TOTAL,1.0
FI,2009,3233.0,TOTAL,1.0
FI,2010,3280.0,TOTAL,1.0
FI,2011,3305.0,TOTAL,1.0
FI,2012,3323.0,TOTAL,1.0
FI,2013,3368.0,TOTAL,1.0
FI,2014,3320.0,TOTAL,1.0
FI,2015,3333.0,TOTAL,1.0
FI,2016,3339.0,TOTAL,1.0
FR,2000,3605.0,TOTAL,1.0
FR,2001,3640.0,TOTAL,1.0
FR,2002,3656.0,TOTAL,1.0
FR,2003,3587.0,TOTAL,1.0
FR,2004,3555.0,TOTAL,1.0
FR,2005,3538.0,TOTAL,1.0
FR,2006,3513.0,TOTAL,1.0
FR,2007,3466.0,TOTAL,1.0
FR,2008,3551.0,TOTAL,1.0
FR,2009,3530.0,TOTAL,1.0
FR,2010,3536.0,TOTAL,1.0
FR,2011,3514.0,TOTAL,1.0
FR,2012,3460.0,TOTAL,1.0
FR,2013,3482.0,TOTAL,1.0
FR,2014,3411.0,TOTAL,1.0
FR,2015,3488.0,TOTAL,1.0
FR,2016,3532.0,TOTAL,1.0
HR,2000,2556.0,TOTAL,1.0
HR,2001,2738.0,TOTAL,1.0
HR,2002,2820.0,TOTAL,1.0
HR,2003,2868.0,TOTAL,1.0
HR,2004,2943.0,TOTAL,1.0
HR,2005,2980.0,TOTAL,1.0
HR,2006,3070.0,TOTAL,1.0
HR,2007,3077.0,TOTAL,1.0
HR,2008,3109.0,TOTAL,1.0
HR,2009,3058.0,TOTAL,1.0
HR,2010,2971.0,TOTAL,1.0
HR,2011,2997.0,TOTAL,1.0
HR,2012,2995.0,TOTAL,1.0
HR,2013,3059.0,TOTAL,1.0
HR,2014,2977.0,TOTAL,1.0
HR,2015,3047.0,TOTAL,1.0
HR,2016,3128.0,TOTAL,1.0
HU,2000,3172.0,TOTAL,1.0
HU,2001,3094.0,TOTAL,1.0
HU,2002,3075.0,TOTAL,1.0
HU,2003,3061.0,TOTAL,1.0
HU,2004,3192.0,TOTAL,1.0
HU,2005,3270.0,TOTAL,1.0
HU,2006,3278.0,TOTAL,1.0
HU,2007,3164.0,TOTAL,1.0
HU,2008,3149.0,TOTAL,1.0
HU,2009,3140.0,TOTAL,1.0
HU,2010,3062.0,TOTAL,1.0
HU,2011,3064.0,TOTAL,1.0
HU,2012,3009.0,TOTAL,1.0
HU,2013,3037.0,TOTAL,1.0
HU,2014,3110.0,TOTAL,1.0
HU,2015,3222.0,TOTAL,1.0
HU,2016,3251.0,TOTAL,1.0
IE,2000,3727.0,TOTAL,1.0
IE,2001,3722.0,TOTAL,1.0
IE,2002,3583.0,TOTAL,1.0
IE,2003,3592.0,TOTAL,1.0
IE,2004,3573.0,TOTAL,1.0
IE,2005,3485.0,TOTAL,1.0
IE,2006,3503.0,TOTAL,1.0
IE,2007,3532.0,TOTAL,1.0
IE,2008,3582.0,TOTAL,1.0
IE,2009,3571.0,TOTAL,1.0
IE,2010,3591.0,TOTAL,1.0
IE,2011,3600.0,TOTAL,1.0
IE,2012,3598.0,TOTAL,1.0
IE,2013,3600.0,TOTAL,1.0
IE,2014,3654.0,TOTAL,1.0
IE,2015,3717.0,TOTAL,1.0
IE,2016,3746.0,TOTAL,1.0
IT,2000,3668.0,TOTAL,1.0
IT,2001,3671.0,TOTAL,1.0
IT,2002,3661.0,TOTAL,1.0
IT,2003,3621.0,TOTAL,1.0
IT,2004,3626.0,TOTAL,1.0
IT,2005,3567.0,TOTAL,1.0
IT,2006,3625.0,TOTAL,1.0
IT,2007,3618.0,TOTAL,1.0
IT,2008,3595.0,TOTAL,1.0
IT,2009,3599.0,TOTAL,1.0
IT,2010,3583.0,TOTAL,1.0
IT,2011,3575.0,TOTAL,1.0
IT,2012,3575.0,TOTAL,1.0
IT,2013,3579.0,TOTAL,1.0
IT,2014,3487.0,TOTAL,1.0
IT,2015,3483.0,TOTAL,1.0
IT,2016,3472.0,TOTAL,1.0
LT,2000,3160.0,TOTAL,1.0
LT,2001,3269.0,TOTAL,1.0
LT,2002,3276.0,TOTAL,1.0
LT,2003,3288.0,TOTAL,1.0
LT,2004,3361.0,TOTAL,1.0
LT,2005,3463.0,TOTAL,1.0
LT,2006,3466.0,TOTAL,1.0
LT,2007,3563.0,TOTAL,1.0
LT,2008,3522.0,TOTAL,1.0
LT,2009,3470.0,TOTAL,1.0
LT,2010,3333.0,TOTAL,1.0
LT,2011,3409.0,TOTAL,1.0
LT,2012,3390.0,TOTAL,1.0
LT,2013,3417.0,TOTAL,1.0
LT,2014,3387.0,TOTAL,1.0
LT,2015,3382.0,TOTAL,1.0
LT,2016,3398.0,TOTAL,1.0
LU,2000,3479.0,TOTAL,1.0
LU,2001,3484.0,TOTAL,1.0
LU,2002,3484.0,TOTAL,1.0
LU,2003,3489.0,TOTAL,1.0
LU,2004,3489.0,TOTAL,1.0
LU,2005,3502.0,TOTAL,1.0
LU,2006,3505.0,TOTAL,1.0
LU,2007,3501.0,TOTAL,1.0
LU,2008,3511.0,TOTAL,1.0
LU,2009,3511.0,TOTAL,1.0
LU,2010,3526.0,TOTAL,1.0
LU,2011,3532.0,TOTAL,1.0
LU,2012,3540.0,TOTAL,1.0
LU,2013,3539.0,TOTAL,1.0
LU,2014,3495.0,TOTAL,1.0
LU,2015,3467.0,TOTAL,1.0
LU,2016,3466.0,TOTAL,1.0
LV,2000,2785.0,TOTAL,1.0
LV,2001,2897.0,TOTAL,1.0
LV,2002,3005.0,TOTAL,1.0
LV,2003,3047.0,TOTAL,1.0
LV,2004,3077.0,TOTAL,1.0
LV,2005,3141.0,TOTAL,1.0
LV,2006,3213.0,TOTAL,1.0
LV,2007,3161.0,TOTAL,1.0
LV,2008,3157.0,TOTAL,1.0
LV,2009,3174.0,TOTAL,1.0
LV,2010,3136.0,TOTAL,1.0
LV,2011,3148.0,TOTAL,1.0
LV,2012,3108.0,TOTAL,1.0
LV,2013,3174.0,TOTAL,1.0
LV,2014,3208.0,TOTAL,1.0
LV,2015,3174.0,TOTAL,1.0
LV,2016,3226.0,TOTAL,1.0
MT,2000,3331.0,TOTAL,1.0
MT,2001,3342.0,TOTAL,1.0
MT,2002,3343.0,TOTAL,1.0
MT,2003,3369.0,TOTAL,1.0
MT,2004,3372.0,TOTAL,1.0
MT,2005,3369.0,TOTAL,1.0
MT,2006,3368.0,TOTAL,1.0
MT,2007,3370.0,TOTAL,1.0
MT,2008,3371.0,TOTAL,1.0
MT,2009,3379.0,TOTAL,1.0
MT,2010,3387.0,TOTAL,1.0
MT,2011,3374.0,TOTAL,1.0
MT,2012,3381.0,TOTAL,1.0
MT,2013,3378.0,TOTAL,1.0
MT,2014,3415.0,TOTAL,1.0
MT,2015,3425.0,TOTAL,1.0
MT,2016,3382.0,TOTAL,1.0
NL,2000,3265.0,TOTAL,1.0
NL,2001,3254.0,TOTAL,1.0
NL,2002,3249.0,TOTAL,1.0
NL,2003,3141.0,TOTAL,1.0
NL,2004,3197.0,TOTAL,1.0
NL,2005,3231.0,TOTAL,1.0
NL,2006,3213.0,TOTAL,1.0
NL,2007,3237.0,TOTAL,1.0
NL,2008,3228.0,TOTAL,1.0
NL,2009,3213.0,TOTAL,1.0
NL,2010,3208.0,TOTAL,1.0
NL,2011,3212.0,TOTAL,1.0
NL,2012,3225.0,TOTAL,1.0
NL,2013,3228.0,TOTAL,1.0
NL,2014,3213.0,TOTAL,1.0
NL,2015,3240.0,TOTAL,1.0
NL,2016,3241.0,TOTAL,1.0
PL,2000,3419.0,TOTAL,1.0
PL,2001,3421.0,TOTAL,1.0
PL,2002,3429.0,TOTAL,1.0
PL,2003,3421.0,TOTAL,1.0
PL,2004,3380.0,TOTAL,1.0
PL,2005,3370.0,TOTAL,1.0
PL,2006,3353.0,TOTAL,1.0
PL,2007,3364.0,TOTAL,1.0
PL,2008,3346.0,TOTAL,1.0
PL,2009,3418.0,TOTAL,1.0
PL,2010,3413.0,TOTAL,1.0
PL,2011,3443.0,TOTAL,1.0
PL,2012,3443.0,TOTAL,1.0
PL,2013,3451.0,TOTAL,1.0
PL,2014,3414.0,TOTAL,1.0
PL,2015,3373.0,TOTAL,1.0
PL,2016,3451.0,TOTAL,1.0
PT,2000,3544.0,TOTAL,1.0
PT,2001,3538.0,TOTAL,1.0
PT,2002,3534.0,TOTAL,1.0
PT,2003,3523.0,TOTAL,1.0
PT,2004,3535.0,TOTAL,1.0
PT,2005,3531.0,TOTAL,1.0
PT,2006,3521.0,TOTAL,1.0
PT,2007,3530.0,TOTAL,1.0
PT,2008,3538.0,TOTAL,1.0
PT,2009,3507.0,TOTAL,1.0
PT,2010,3498.0,TOTAL,1.0
PT,2011,3477.0,TOTAL,1.0
PT,2012,3473.0,TOTAL,1.0
PT,2013,3477.0,TOTAL,1.0
PT,2014,3377.0,TOTAL,1.0
PT,2015,3437.0,TOTAL,1.0
PT,2016,3381.0,TOTAL,1.0
RO,2000,3141.0,TOTAL,1.0
RO,2001,3239.0,TOTAL,1.0
RO,2002,3319.0,TOTAL,1.0
RO,2003,3365.0,TOTAL,1.0
RO,2004,3354.0,TOTAL,1.0
RO,2005,3396.0,TOTAL,1.0
RO,2006,3430.0,TOTAL,1.0
RO,2007,3375.0,TOTAL,1.0
RO,2008,3402.0,TOTAL,1.0
RO,2009,3379.0,TOTAL,1.0
RO,2010,3325.0,TOTAL,1.0
RO,2011,3339.0,TOTAL,1.0
RO,2012,3341.0,TOTAL,1.0
RO,2013,3358.0,TOTAL,1.0
RO,2014,3417.0,TOTAL,1.0
RO,2015,3476.0,TOTAL,1.0
RO,2016,3525.0,TOTAL,1.0
SE,2000,3099.0,TOTAL,1.0
SE,2001,3124.0,TOTAL,1.0
SE,2002,3133.0,TOTAL,1.0
SE,2003,3124.0,TOTAL,1.0
SE,2004,3147.0,TOTAL,1.0
SE,2005,3122.0,TOTAL,1.0
SE,2006,3091.0,TOTAL,1.0
SE,2007,3089.0,TOTAL,1.0
SE,2008,3128.0,TOTAL,1.0
SE,2009,3126.0,TOTAL,1.0
SE,2010,3151.0,TOTAL,1.0
SE,2011,3157.0,TOTAL,1.0
SE,2012,3170.0,TOTAL,1.0
SE,2013,3179.0,TOTAL,1.0
SE,2014,3198.0,TOTAL,1.0
SE,2015,3182.0,TOTAL,1.0
SE,2016,3192.0,TOTAL,1.0
SI,2000,3056.0,TOTAL,1.0
SI,2001,3055.0,TOTAL,1.0
SI,2002,3081.0,TOTAL,1.0
SI,2003,3113.0,TOTAL,1.0
SI,2004,3158.0,TOTAL,1.0
SI,2005,3071.0,TOTAL,1.0
SI,2006,3120.0,TOTAL,1.0
SI,2007,3143.0,TOTAL,1.0
SI,2008,3156.0,TOTAL,1.0
SI,2009,3179.0,TOTAL,1.0
SI,2010,3176.0,TOTAL,1.0
SI,2011,3165.0,TOTAL,1.0
SI,2012,3160.0,TOTAL,1.0
SI,2013,3168.0,TOTAL,1.0
SI,2014,3203.0,TOTAL,1.0
SI,2015,3164.0,TOTAL,1.0
SI,2016,3164.0,TOTAL,1.0
SK,2000,2778.0,TOTAL,1.0
SK,2001,2785.0,TOTAL,1.0
SK,2002,2800.0,TOTAL,1.0
SK,2003,2790.0,TOTAL,1.0
SK,2004,2817.0,TOTAL,1.0
SK,2005,2841.0,TOTAL,1.0
SK,2006,2833.0,TOTAL,1.0
SK,2007,2794.0,TOTAL,1.0
SK,2008,2864.0,TOTAL,1.0
SK,2009,2899.0,TOTAL,1.0
SK,2010,2950.0,TOTAL,1.0
SK,2011,2941.0,TOTAL,1.0
SK,2012,2901.0,TOTAL,1.0
SK,2013,2944.0,TOTAL,1.0
SK,2014,2823.0,TOTAL,1.0
SK,2015,2718.0,TOTAL,1.0
SK,2016,2831.0,TOTAL,1.0
UK,2000,3362.0,TOTAL,1.0
UK,2001,3400.0,TOTAL,1.0
UK,2002,3416.0,TOTAL,1.0
UK,2003,3400.0,TOTAL,1.0
UK,2004,3445.0,TOTAL,1.0
UK,2005,3438.0,TOTAL,1.0
UK,2006,3438.0,TOTAL,1.0
UK,2007,3417.0,TOTAL,1.0
UK,2008,3422.0,TOTAL,1.0
UK,2009,3412.0,TOTAL,1.0
UK,2010,3404.0,TOTAL,1.0
UK,2011,3417.0,TOTAL,1.0
UK,2012,3403.0,TOTAL,1.0
UK,2013,3424.0,TOTAL,1.0
UK,2014,3376.0,TOTAL,1.0
UK,2015,3393.0,TOTAL,1.0
UK,2016,3374.0,TOTAL,1.0
AT,2000,2552.0,VEG,0.6849168008588299
AT,2001,2559.0,VEG,0.6864270386266095
AT,2002,2499.0,VEG,0.6842825848849945
AT,2003,2544.0,VEG,0.7049044056525353
AT,2004,2611.0,VEG,0.7240709927897948
AT,2005,2584.0,VEG,0.7098901098901099
AT,2006,2693.0,VEG,0.724119386931971
AT,2007,2660.0,VEG,0.7118009098207118
AT,2008,2675.0,VEG,0.7196663976324993
AT,2009,2643.0,VEG,0.7099113618049959
AT,2010,2621.0,VEG,0.7038131041890441
AT,2011,2632.0,VEG,0.7046854082998661
AT,2012,2631.0,VEG,0.7036640813051618
AT,2013,2631.0,VEG,0.6982484076433121
AT,2014,2539.0,VEG,0.6914488017429193
AT,2015,2503.0,VEG,0.6831331877729258
AT,2016,2478.0,VEG,0.6772342169991801
BE,2000,2551.0,VEG,0.687786465354543
BE,2001,2527.0,VEG,0.6744061916199626
BE,2002,2544.0,VEG,0.6785809549213123
BE,2003,2561.0,VEG,0.6889965025558246
BE,2004,2570.0,VEG,0.6904889844169801
BE,2005,2548.0,VEG,0.6856835306781486
BE,2006,2549.0,VEG,0.6859526372443487
BE,2007,2530.0,VEG,0.6813897118233234
BE,2008,2549.0,VEG,0.6885467314964884
BE,2009,2597.0,VEG,0.7024614552339735
BE,2010,2605.0,VEG,0.7027245751281359
BE,2011,2572.0,VEG,0.6913978494623656
BE,2012,2566.0,VEG,0.6907133243606999
BE,2013,2561.0,VEG,0.6860433967318511
BE,2014,2637.0,VEG,0.6959619952494062
BE,2015,2611.0,VEG,0.6863827549947423
BE,2016,2593.0,VEG,0.68706942236354
BG,2000,2168.0,VEG,0.7707074297902595
BG,2001,2213.0,VEG,0.7858664772727273
BG,2002,2199.0,VEG,0.7912918315940985
BG,2003,2205.0,VEG,0.7997823721436343
BG,2004,2165.0,VEG,0.7832850940665702
BG,2005,2130.0,VEG,0.7822254865956666
BG,2006,2152.0,VEG,0.7799927509967379
BG,2007,2146.0,VEG,0.7849305047549379
BG,2008,2160.0,VEG,0.7764198418404026
BG,2009,2164.0,VEG,0.7770197486535009
BG,2010,2130.0,VEG,0.7711803041274439
BG,2011,2123.0,VEG,0.7667027807872878
BG,2012,2112.0,VEG,0.7605329492257832
BG,2013,2148.0,VEG,0.7592788971367974
BG,2014,2196.0,VEG,0.7664921465968586
BG,2015,2089.0,VEG,0.7588085724664003
BG,2016,2141.0,VEG,0.7597586941092974
CY,2000,1888.0,VEG,0.7055306427503737
CY,2001,1863.0,VEG,0.7035498489425982
CY,2002,1847.0,VEG,0.7001516300227445
CY,2003,1865.0,VEG,0.7142857142857143
CY,2004,1849.0,VEG,0.7108804306036139
CY,2005,1840.0,VEG,0.7173489278752436
CY,2006,1854.0,VEG,0.7245017584994138
CY,2007,1921.0,VEG,0.7279272451686245
CY,2008,1939.0,VEG,0.7297704177643959
CY,2009,1934.0,VEG,0.7353612167300381
CY,2010,1975.0,VEG,0.7394234369150131
CY,2011,1954.0,VEG,0.7282892284755871
CY,2012,1927.0,VEG,0.7299242424242425
CY,2013,1994.0,VEG,0.7527368818422046
CY,2014,2297.0,VEG,0.7669449081803005
CY,2015,2358.0,VEG,0.7728613569321534
CY,2016,2342.0,VEG,0.771155745801778
CZ,2000,2257.0,VEG,0.733030204611887
CZ,2001,2347.0,VEG,0.740378548895899
CZ,2002,2411.0,VEG,0.7434474252235584
CZ,2003,2494.0,VEG,0.7514311539620367
CZ,2004,2477.0,VEG,0.7456351595424443
CZ,2005,2394.0,VEG,0.7215189873417721
CZ,2006,2393.0,VEG,0.729795669411406
CZ,2007,2371.0,VEG,0.7270775835633241
CZ,2008,2390.0,VEG,0.7313341493268054
CZ,2009,2400.0,VEG,0.7326007326007326
CZ,2010,2403.0,VEG,0.7335164835164835
CZ,2011,2394.0,VEG,0.7363888034450938
CZ,2012,2393.0,VEG,0.7378970089423373
CZ,2013,2418.0,VEG,0.7426289926289926
CZ,2014,2350.0,VEG,0.7350641226149515
CZ,2015,2231.0,VEG,0.7146060217809097
CZ,2016,2333.0,VEG,0.7202840382834208
DE,2000,2324.0,VEG,0.6966426858513189
DE,2001,2334.0,VEG,0.6940231935771632
DE,2002,2379.0,VEG,0.6941931718704406
DE,2003,2328.0,VEG,0.6867256637168142
DE,2004,2375.0,VEG,0.6962767516857227
DE,2005,2403.0,VEG,0.6965217391304348
DE,2006,2421.0,VEG,0.6984997114829775
DE,2007,2443.0,VEG,0.6926566487099518
DE,2008,2456.0,VEG,0.698322433892522
DE,2009,2441.0,VEG,0.694452347083926
DE,2010,2425.0,VEG,0.6920662100456622
DE,2011,2447.0,VEG,0.6916336913510458
DE,2012,2439.0,VEG,0.6966580976863753
DE,2013,2454.0,VEG,0.7013432409259789
DE,2014,2472.0,VEG,0.6981078791301892
DE,2015,2476.0,VEG,0.6941407345107934
DE,2016,2484.0,VEG,0.6983412988473433
DK,2000,2200.0,VEG,0.664050709326894
DK,2001,2137.0,VEG,0.6407796101949026
DK,2002,2201.0,VEG,0.6525348354580492
DK,2003,2232.0,VEG,0.6676637750523482
DK,2004,2253.0,VEG,0.666173861620343
DK,2005,2114.0,VEG,0.6192149970708846
DK,2006,2202.0,VEG,0.6463164073965365
DK,2007,2253.0,VEG,0.6539912917271408
DK,2008,2125.0,VEG,0.6389055923030668
DK,2009,2159.0,VEG,0.6464071856287426
DK,2010,2175.0,VEG,0.6400824014125956
DK,2011,2135.0,VEG,0.6376941457586619
DK,2012,2167.0,VEG,0.6505553887721405
DK,2013,2173.0,VEG,0.6453816453816453
DK,2014,2149.0,VEG,0.6405365126676602
DK,2015,2109.0,VEG,0.6310592459605027
DK,2016,2101.0,VEG,0.623812351543943
EE,2000,2241.0,VEG,0.7347540983606557
EE,2001,2263.0,VEG,0.7429415627051871
EE,2002,2155.0,VEG,0.7081827144265528
EE,2003,2181.0,VEG,0.7094990240728692
EE,2004,2250.0,VEG,0.7305194805194806
EE,2005,2351.0,VEG,0.7423429112724976
EE,2006,2370.0,VEG,0.7399313143927568
EE,2007,2414.0,VEG,0.7492240844196152
EE,2008,2486.0,VEG,0.7503773015393903
EE,2009,2499.0,VEG,0.746415770609319
EE,2010,2485.0,VEG,0.7507552870090635
EE,2011,2467.0,VEG,0.7500760109455762
EE,2012,2418.0,VEG,0.7481435643564357
EE,2013,2452.0,VEG,0.7537657546879803
EE,2014,2290.0,VEG,0.7133956386292835
EE,2015,2128.0,VEG,0.6710816777041942
EE,2016,2079.0,VEG,0.661680458306811
EL,2000,2732.0,VEG,0.7584675180455303
EL,2001,2795.0,VEG,0.7733812949640287
EL,2002,2832.0,VEG,0.7782357790601814
EL,2003,2801.0,VEG,0.7671870720350589
EL,2004,2887.0,VEG,0.7762839472976607
EL,2005,2754.0,VEG,0.7664903979961035
EL,2006,2619.0,VEG,0.751506456241033
EL,2007,2635.0,VEG,0.7504984334947309
EL,2008,2677.0,VEG,0.7607274793975561
EL,2009,2629.0,VEG,0.7500713266761769
EL,2010,2555.0,VEG,0.742300987797792
EL,2011,2578.0,VEG,0.7522614531660344
EL,2012,2600.0,VEG,0.763807285546416
EL,2013,2598.0,VEG,0.7641176470588236
EL,2014,2621.0,VEG,0.7621401570223902
EL,2015,2613.0,VEG,0.769434628975265
EL,2016,2560.0,VEG,0.7673860911270983
ES,2000,2411.0,VEG,0.7175595238095238
ES,2001,2383.0,VEG,0.7151860744297719
ES,2002,2389.0,VEG,0.7112235784459661
ES,2003,2338.0,VEG,0.7091295116772823
ES,2004,2322.0,VEG,0.7153419593345656
ES,2005,2318.0,VEG,0.7198757763975155
ES,2006,2317.0,VEG,0.7180043383947939
ES,2007,2292.0,VEG,0.711138690660875
ES,2008,2349.0,VEG,0.7322319201995012
ES,2009,2348.0,VEG,0.7326053042121685
ES,2010,2330.0,VEG,0.7320138234370092
ES,2011,2357.0,VEG,0.7384085213032582
ES,2012,2349.0,VEG,0.740308855972266
ES,2013,2356.0,VEG,0.7422810333963453
ES,2014,2315.0,VEG,0.7319000948466645
ES,2015,2324.0,VEG,0.7273865414710485
ES,2016,2402.0,VEG,0.7336591325595602
EU27_2020,2000,2386.0,VEG,0.7025912838633687
EU27_2020,2001,2398.0,VEG,0.7021961932650074
EU27_2020,2002,2405.0,VEG,0.6997381437299971
EU27_2020,2003,2388.0,VEG,0.7011156782149148
EU27_2020,2004,2411.0,VEG,0.7074530516431925
EU27_2020,2005,2404.0,VEG,0.7062279670975323
EU27_2020,2006,2413.0,VEG,0.7074171797126942
EU27_2020,2007,2407.0,VEG,0.7052446527981249
EU27_2020,2008,2420.0,VEG,0.7078093009651945
EU27_2020,2009,2422.0,VEG,0.7083942673296285
EU27_2020,2010,2414.0,VEG,0.7085412386263575
EU27_2020,2011,2425.0,VEG,0.7103104862331576
EU27_2020,2012,2416.0,VEG,0.7116347569955818
EU27_2020,2013,2428.0,VEG,0.7128596594245449
EU27_2020,2014,2408.0,VEG,0.7109536462946561
EU27_2020,2015,2413.0,VEG,0.7086637298091043
EU27_2020,2016,2434.0,VEG,0.7096209912536443
EU28,2000,2384.0,VEG,0.7030374520790328
EU28,2001,2397.0,VEG,0.7023146791678875
EU28,2002,2405.0,VEG,0.7003494467093768
EU28,2003,2385.0,VEG,0.7002348796241926
EU28,2004,2410.0,VEG,0.706123644887196
EU28,2005,2402.0,VEG,0.7046054561454972
EU28,2006,2410.0,VEG,0.705710102489019
EU28,2007,2406.0,VEG,0.7047451669595782
EU28,2008,2423.0,VEG,0.7084795321637427
EU28,2009,2424.0,VEG,0.7089792336940626
EU28,2010,2413.0,VEG,0.7080399061032864
EU28,2011,2426.0,VEG,0.7103953147877013
EU28,2012,2416.0,VEG,0.7112157786282014
EU28,2013,2431.0,VEG,0.7131123496626577
EU28,2014,2407.0,VEG,0.7110782865583456
EU28,2015,2411.0,VEG,0.7082843713278496
EU28,2016,2429.0,VEG,0.7096114519427403
FI,2000,1981.0,VEG,0.6286893049825453
FI,2001,1999.0,VEG,0.63040050457269
FI,2002,1976.0,VEG,0.6269035532994924
FI,2003,1987.0,VEG,0.62999365884591
FI,2004,2018.0,VEG,0.6329987452948557
FI,2005,2033.0,VEG,0.6351140268666042
FI,2006,2057.0,VEG,0.6354649366697559
FI,2007,2063.0,VEG,0.6287717159402622
FI,2008,2003.0,VEG,0.6189740420271941
FI,2009,2016.0,VEG,0.6235694401484689
FI,2010,2027.0,VEG,0.6179878048780488
FI,2011,2006.0,VEG,0.6069591527987898
FI,2012,2011.0,VEG,0.6051760457417996
FI,2013,2054.0,VEG,0.6098574821852731
FI,2014,1970.0,VEG,0.5933734939759037
FI,2015,1907.0,VEG,0.5721572157215722
FI,2016,1921.0,VEG,0.5753219526804433
FR,2000,2228.0,VEG,0.6180305131761442
FR,2001,2259.0,VEG,0.6206043956043956
FR,2002,2288.0,VEG,0.6258205689277899
FR,2003,2241.0,VEG,0.624756063562866
FR,2004,2271.0,VEG,0.6388185654008439
FR,2005,2300.0,VEG,0.6500847936687394
FR,2006,2293.0,VEG,0.6527184742385426
FR,2007,2277.0,VEG,0.6569532602423543
FR,2008,2335.0,VEG,0.6575612503520135
FR,2009,2330.0,VEG,0.660056657223796
FR,2010,2350.0,VEG,0.6645927601809954
FR,2011,2348.0,VEG,0.668184405236198
FR,2012,2317.0,VEG,0.6696531791907514
FR,2013,2301.0,VEG,0.66082711085583
FR,2014,2312.0,VEG,0.6778070946936382
FR,2015,2400.0,VEG,0.6880733944954128
FR,2016,2427.0,VEG,0.6871460928652322
HR,2000,2015.0,VEG,0.7883411580594679
HR,2001,2177.0,VEG,0.7951059167275384
HR,2002,2230.0,VEG,0.7907801418439716
HR,2003,2287.0,VEG,0.7974198047419805
HR,2004,2268.0,VEG,0.7706422018348624
HR,2005,2232.0,VEG,0.748993288590604
HR,2006,2249.0,VEG,0.7325732899022801
HR,2007,2223.0,VEG,0.7224569385765356
HR,2008,2279.0,VEG,0.7330331296236732
HR,2009,2270.0,VEG,0.7423152387181164
HR,2010,2224.0,VEG,0.7485695052170986
HR,2011,2234.0,VEG,0.745412078745412
HR,2012,2174.0,VEG,0.7258764607679465
HR,2013,2239.0,VEG,0.7319385420071919
HR,2014,2129.0,VEG,0.7151494793416191
HR,2015,2172.0,VEG,0.7128322940597309
HR,2016,2252.0,VEG,0.7199488491048593
HU,2000,2158.0,VEG,0.680327868852459
HU,2001,2124.0,VEG,0.6864899806076277
HU,2002,2023.0,VEG,0.6578861788617886
HU,2003,2103.0,VEG,0.68703038222803
HU,2004,2206.0,VEG,0.6911027568922306
HU,2005,2296.0,VEG,0.7021406727828746
HU,2006,2316.0,VEG,0.7065283709579011
HU,2007,2196.0,VEG,0.6940581542351454
HU,2008,2196.0,VEG,0.6973642426167037
HU,2009,2207.0,VEG,0.7028662420382166
HU,2010,2149.0,VEG,0.701828870019595
HU,2011,2139.0,VEG,0.6981070496083551
HU,2012,2086.0,VEG,0.6932535726154869
HU,2013,2150.0,VEG,0.707935462627593
HU,2014,2145.0,VEG,0.6897106109324759
HU,2015,2201.0,VEG,0.6831160769708255
HU,2016,2213.0,VEG,0.680713626576438
IE,2000,2534.0,VEG,0.6799034075664073
IE,2001,2505.0,VEG,0.6730252552391187
IE,2002,2414.0,VEG,0.6737370918224951
IE,2003,2398.0,VEG,0.6675946547884187
IE,2004,2385.0,VEG,0.6675062972292192
IE,2005,2367.0,VEG,0.6791965566714491
IE,2006,2433.0,VEG,0.6945475306879817
IE,2007,2470.0,VEG,0.6993204983012458
IE,2008,2513.0,VEG,0.7015633724176438
IE,2009,2542.0,VEG,0.7118454214505741
IE,2010,2590.0,VEG,0.7212475633528265
IE,2011,2623.0,VEG,0.7286111111111111
IE,2012,2636.0,VEG,0.7326292384658143
IE,2013,2595.0,VEG,0.7208333333333333
IE,2014,2632.0,VEG,0.7203065134099617
IE,2015,2641.0,VEG,0.7105192359429647
IE,2016,2720.0,VEG,0.7261078483715964
IT,2000,2731.0,VEG,0.7445474372955289
IT,2001,2723.0,VEG,0.7417597384908744
IT,2002,2702.0,VEG,0.7380497131931166
IT,2003,2687.0,VEG,0.7420602043634356
IT,2004,2698.0,VEG,0.7440706012134584
IT,2005,2639.0,VEG,0.7398373983739838
IT,2006,2697.0,VEG,0.744
IT,2007,2695.0,VEG,0.7448866777224986
IT,2008,2662.0,VEG,0.7404728789986091
IT,2009,2683.0,VEG,0.7454848569046958
IT,2010,2647.0,VEG,0.7387663968741278
IT,2011,2659.0,VEG,0.7437762237762238
IT,2012,2646.0,VEG,0.7401398601398601
IT,2013,2677.0,VEG,0.7479742944956692
IT,2014,2626.0,VEG,0.7530828792658446
IT,2015,2653.0,VEG,0.7616996841803043
IT,2016,2663.0,VEG,0.7669930875576036
LT,2000,2380.0,VEG,0.7531645569620253
LT,2001,2506.0,VEG,0.7665952890792291
LT,2002,2423.0,VEG,0.7396214896214897
LT,2003,2402.0,VEG,0.7305352798053528
LT,2004,2452.0,VEG,0.7295447783397798
LT,2005,2498.0,VEG,0.7213398787178746
LT,2006,2497.0,VEG,0.7204270051933064
LT,2007,2561.0,VEG,0.7187763120965478
LT,2008,2466.0,VEG,0.7001703577512777
LT,2009,2448.0,VEG,0.7054755043227666
LT,2010,2350.0,VEG,0.7050705070507051
LT,2011,2437.0,VEG,0.7148723965972426
LT,2012,2427.0,VEG,0.715929203539823
LT,2013,2434.0,VEG,0.7123207491952005
LT,2014,2449.0,VEG,0.7230587540596398
LT,2015,2450.0,VEG,0.7244234180958014
LT,2016,2450.0,VEG,0.7210123602118893
LU,2000,2347.0,VEG,0.6746191434320207
LU,2001,2227.0,VEG,0.6392078071182549
LU,2002,2274.0,VEG,0.6526980482204363
LU,2003,2261.0,VEG,0.648036686729722
LU,2004,2231.0,VEG,0.6394382344511321
LU,2005,2244.0,VEG,0.6407766990291263
LU,2006,2284.0,VEG,0.6516405135520684
LU,2007,2338.0,VEG,0.6678091973721794
LU,2008,2338.0,VEG,0.6659071489604101
LU,2009,2381.0,VEG,0.6781543719737967
LU,2010,2405.0,VEG,0.6820760068065796
LU,2011,2401.0,VEG,0.6797848244620611
LU,2012,2352.0,VEG,0.6644067796610169
LU,2013,2366.0,VEG,0.6685504379768296
LU,2014,2360.0,VEG,0.6752503576537912
LU,2015,2282.0,VEG,0.6582059417363715
LU,2016,2292.0,VEG,0.6612810155799193
LV,2000,2026.0,VEG,0.7274685816876122
LV,2001,2136.0,VEG,0.7373144632378322
LV,2002,2171.0,VEG,0.7224625623960067
LV,2003,2200.0,VEG,0.7220216606498195
LV,2004,2215.0,VEG,0.7198570035749107
LV,2005,2279.0,VEG,0.7255651066539319
LV,2006,2325.0,VEG,0.7236227824463118
LV,2007,2227.0,VEG,0.7045238848465676
LV,2008,2168.0,VEG,0.6867279062401014
LV,2009,2193.0,VEG,0.6909262759924386
LV,2010,2149.0,VEG,0.6852678571428571
LV,2011,2170.0,VEG,0.6893265565438373
LV,2012,2164.0,VEG,0.6962676962676962
LV,2013,2269.0,VEG,0.7148708254568368
LV,2014,2247.0,VEG,0.7004364089775561
LV,2015,2219.0,VEG,0.6991178323881537
LV,2016,2226.0,VEG,0.6900185988840669
MT,2000,2444.0,VEG,0.7337135995196638
MT,2001,2422.0,VEG,0.7247157390783961
MT,2002,2454.0,VEG,0.7340711935387376
MT,2003,2467.0,VEG,0.732264766993173
MT,2004,2454.0,VEG,0.7277580071174378
MT,2005,2475.0,VEG,0.7346393588601959
MT,2006,2464.0,VEG,0.7315914489311164
MT,2007,2444.0,VEG,0.7252225519287834
MT,2008,2443.0,VEG,0.7247107683180065
MT,2009,2506.0,VEG,0.7416395383249482
MT,2010,2518.0,VEG,0.7434307646885149
MT,2011,2482.0,VEG,0.7356253704801423
MT,2012,2462.0,VEG,0.7281869269446909
MT,2013,2450.0,VEG,0.7252812314979278
MT,2014,2457.0,VEG,0.7194729136163982
MT,2015,2502.0,VEG,0.7305109489051095
MT,2016,2427.0,VEG,0.7176227084565346
NL,2000,2082.0,VEG,0.6376722817764165
NL,2001,2084.0,VEG,0.6404425322679779
NL,2002,2114.0,VEG,0.6506617420744845
NL,2003,2112.0,VEG,0.6723973256924546
NL,2004,2119.0,VEG,0.6628088833281202
NL,2005,2106.0,VEG,0.6518105849582173
NL,2006,2089.0,VEG,0.6501711795829442
NL,2007,2162.0,VEG,0.6679023787457522
NL,2008,2124.0,VEG,0.6579925650557621
NL,2009,2104.0,VEG,0.6548397136632431
NL,2010,2175.0,VEG,0.6779925187032418
NL,2011,2185.0,VEG,0.6802615193026152
NL,2012,2148.0,VEG,0.666046511627907
NL,2013,2152.0,VEG,0.6666666666666666
NL,2014,2146.0,VEG,0.6679116090880797
NL,2015,2152.0,VEG,0.6641975308641975
NL,2016,2094.0,VEG,0.6460968836778772
PL,2000,2512.0,VEG,0.7347177537291606
PL,2001,2524.0,VEG,0.737795966091786
PL,2002,2501.0,VEG,0.7293671624380286
PL,2003,2493.0,VEG,0.7287342882198188
PL,2004,2487.0,VEG,0.7357988165680474
PL,2005,2497.0,VEG,0.7409495548961424
PL,2006,2474.0,VEG,0.7378467044437816
PL,2007,2469.0,VEG,0.7339476813317479
PL,2008,2463.0,VEG,0.7361028093245666
PL,2009,2516.0,VEG,0.7361029842012873
PL,2010,2488.0,VEG,0.7289774392030471
PL,2011,2516.0,VEG,0.7307580598315423
PL,2012,2536.0,VEG,0.7365669474295672
PL,2013,2534.0,VEG,0.7342799188640974
PL,2014,2486.0,VEG,0.7281780902167545
PL,2015,2403.0,VEG,0.7124221761043581
PL,2016,2455.0,VEG,0.711388003477253
PT,2000,2514.0,VEG,0.7093679458239278
PT,2001,2492.0,VEG,0.7043527416619559
PT,2002,2490.0,VEG,0.7045840407470289
PT,2003,2511.0,VEG,0.7127448197558899
PT,2004,2529.0,VEG,0.7154172560113154
PT,2005,2485.0,VEG,0.7037666383460776
PT,2006,2474.0,VEG,0.7026412950866231
PT,2007,2455.0,VEG,0.6954674220963173
PT,2008,2475.0,VEG,0.6995477671000565
PT,2009,2457.0,VEG,0.7005988023952096
PT,2010,2471.0,VEG,0.706403659233848
PT,2011,2464.0,VEG,0.7086568881219442
PT,2012,2471.0,VEG,0.7114886265476533
PT,2013,2473.0,VEG,0.7112453264308312
PT,2014,2411.0,VEG,0.7139472904945218
PT,2015,2427.0,VEG,0.7061390747745127
PT,2016,2370.0,VEG,0.7009760425909495
RO,2000,2452.0,VEG,0.7806431072906718
RO,2001,2529.0,VEG,0.7807965421426366
RO,2002,2537.0,VEG,0.7643868635131064
RO,2003,2544.0,VEG,0.7560178306092125
RO,2004,2560.0,VEG,0.7632677400119261
RO,2005,2552.0,VEG,0.751472320376914
RO,2006,2561.0,VEG,0.7466472303206997
RO,2007,2484.0,VEG,0.736
RO,2008,2498.0,VEG,0.7342739564961788
RO,2009,2489.0,VEG,0.7366084640426162
RO,2010,2513.0,VEG,0.7557894736842106
RO,2011,2528.0,VEG,0.7571129080563043
RO,2012,2540.0,VEG,0.7602514217300209
RO,2013,2569.0,VEG,0.7650387135199523
RO,2014,2516.0,VEG,0.736318407960199
RO,2015,2538.0,VEG,0.7301495972382048
RO,2016,2570.0,VEG,0.7290780141843972
SE,2000,2060.0,VEG,0.664730558244595
SE,2001,2066.0,VEG,0.6613316261203586
SE,2002,1956.0,VEG,0.6243217363549314
SE,2003,2030.0,VEG,0.6498079385403329
SE,2004,2084.0,VEG,0.6622179853829043
SE,2005,2049.0,VEG,0.6563100576553491
SE,2006,2067.0,VEG,0.6687156260109997
SE,2007,2076.0,VEG,0.6720621560375526
SE,2008,2085.0,VEG,0.6665601023017903
SE,2009,2083.0,VEG,0.6663467690339091
SE,2010,2094.0,VEG,0.6645509362107268
SE,2011,2091.0,VEG,0.6623376623376623
SE,2012,2098.0,VEG,0.6618296529968454
SE,2013,2126.0,VEG,0.6687637621893677
SE,2014,2094.0,VEG,0.6547842401500938
SE,2015,2064.0,VEG,0.6486486486486487
SE,2016,2087.0,VEG,0.6538220551378446
SI,2000,2218.0,VEG,0.7257853403141361
SI,2001,2140.0,VEG,0.7004909983633388
SI,2002,2184.0,VEG,0.7088607594936709
SI,2003,2185.0,VEG,0.7018952778670093
SI,2004,2229.0,VEG,0.7058264724509183
SI,2005,2149.0,VEG,0.6997720612178443
SI,2006,2210.0,VEG,0.7083333333333334
SI,2007,2229.0,VEG,0.709195036589246
SI,2008,2211.0,VEG,0.7005703422053232
SI,2009,2242.0,VEG,0.7052532242843661
SI,2010,2270.0,VEG,0.714735516372796
SI,2011,2296.0,VEG,0.725434439178515
SI,2012,2306.0,VEG,0.729746835443038
SI,2013,2364.0,VEG,0.7462121212121212
SI,2014,2377.0,VEG,0.7421167655323134
SI,2015,2350.0,VEG,0.7427307206068268
SI,2016,2332.0,VEG,0.7370417193426043
SK,2000,2114.0,VEG,0.7609791216702664
SK,2001,2058.0,VEG,0.7389587073608618
SK,2002,2045.0,VEG,0.7303571428571428
SK,2003,2036.0,VEG,0.7297491039426524
SK,2004,2140.0,VEG,0.7596734114306
SK,2005,2152.0,VEG,0.7574797606476593
SK,2006,2067.0,VEG,0.7296152488528063
SK,2007,2079.0,VEG,0.7440944881889764
SK,2008,2187.0,VEG,0.7636173184357542
SK,2009,2144.0,VEG,0.739565367368058
SK,2010,2176.0,VEG,0.7376271186440678
SK,2011,2197.0,VEG,0.7470248214892894
SK,2012,2210.0,VEG,0.7618062736987246
SK,2013,2178.0,VEG,0.7398097826086957
SK,2014,2055.0,VEG,0.7279489904357067
SK,2015,1957.0,VEG,0.7200147167034584
SK,2016,1999.0,VEG,0.7061109148710702
UK,2000,2368.0,VEG,0.7043426531826293
UK,2001,2395.0,VEG,0.7044117647058824
UK,2002,2407.0,VEG,0.7046252927400468
UK,2003,2362.0,VEG,0.6947058823529412
UK,2004,2409.0,VEG,0.6992743105950653
UK,2005,2388.0,VEG,0.6945898778359512
UK,2006,2393.0,VEG,0.696044211751018
UK,2007,2393.0,VEG,0.7003219198127012
UK,2008,2441.0,VEG,0.7133255406195207
UK,2009,2428.0,VEG,0.7116060961313013
UK,2010,2406.0,VEG,0.7068155111633373
UK,2011,2427.0,VEG,0.7102721685689201
UK,2012,2410.0,VEG,0.7081986482515428
UK,2013,2444.0,VEG,0.7137850467289719
UK,2014,2400.0,VEG,0.7109004739336493
UK,2015,2395.0,VEG,0.7058650162098438
UK,2016,2390.0,VEG,0.7083580320094843
